,Courses
0,DSA to Development: A Complete Guide
1,JAVA Backend Development - Live
2,Complete Machine Learning & Data Science Program
3,Data Structures and Algorithms - Self Paced [Online Course]
4,Tech Interview 101 - From DSA to System Design for Working Professionals
5,Full Stack Development with React & Node JS - Live
6,DevOps Engineering - Planning to Production
7,"Data Analytics Training using Excel, SQL, Python & PowerBI"
8,Complete Interview Preparation
9,Data Structures & Algorithms in Python - Self Paced
10,Mastering System Design: From Low-Level to High-Level Solutions
11,Java Programming Online Course [Complete Beginner to Advanced]
12,Java Programming Online Course [Complete Beginner to Advanced]
13,C++ Programming Course Online - Complete Beginner to Advanced
14,JavaScript Full Course Online | Learn JavaScript with Certification
15,C Programming Course Online - Learn C with Data Structures
16,"MongoDB Developer's Toolkit: CRUD Mastery with Node.js, Java, Python, C#"
17,Data Science BootCamp - From Analysing Data To Creating ML Models
18,Full Stack Developer Bootcamp - Master Frontend to Backend
19,iOS Development for Beginners: Master Swift & App Building for Free
20,DSA to Development: A Complete Guide
21,JAVA Backend Development - Live
22,Complete Machine Learning & Data Science Program
23,Data Structures and Algorithms - Self Paced [Online Course]
