,Job-Name
0,Guidewire Claim Center Developer
1,Rust Programmer
2,Salesforce OmniStudio Developer
3,RPO
4,Telecaller executive
5,International Telecaller (AU & UK)
6,Principal Engineer - Node.js 
7,sales coordintaor
8,Online AI Sales Executive   
9,Digital Marketing Manager
10,Accountant 
11,Telecaller
12,Oracle HCM Functional Consultant
13,RideNow WORK FROM HOME OPPORTUNITY
14,Oracle (5-7 years)
15,Dot Net Core Developer
16,Technical Consultant – NAV 2013/2016
17,Language Specialist
18,SAP SAC Security Consultant
19,Senior Software Engineer – Java (Linux OS)
